V1,V2,V3,V4,V5,V6,V7,V8,V9,V10,Q1,Q2,Q3,Q4,Q5_1,Q5_2,Q5_3,LocationLatitude,LocationLongitude,LocationAccuracy,
ResponseID,ResponseSet,Name,ExternalDataReference,EmailAddress,IPAddress,Status,StartDate,EndDate,Finished,Yo have a question,Click to write the question text,Click to write the question text,Click to write the question text,Click to write the question text-Click to write Statement 1,Click to write the question text-Click to write Statement 2,Click to write the question text-Click to write Statement 3,LocationLatitude,LocationLongitude,LocationAccuracy,
R_6Yeyq8yNFUHQwK1,Default Response Set,Anonymous,,,,2,2016-06-08 11:26:06,2016-06-08 11:26:06,1,3,2,2,1,,,,42.401901245117,-71.119300842285,-1,
R_0PxRPQhcH4qUbtz,Default Response Set,Anonymous,,,,2,2016-06-08 11:26:06,2016-06-08 11:26:06,1,1,2,2,1,,,,42.401901245117,-71.119300842285,-1,
R_8Jut1nMbg63kgVn,Default Response Set,Anonymous,,,,2,2016-06-08 11:26:06,2016-06-08 11:26:06,1,2,2,2,2,,,,42.401901245117,-71.119300842285,-1,
R_54I2czVrkQBvPSZ,Default Response Set,Anonymous,,,,2,2016-06-08 11:26:06,2016-06-08 11:26:06,1,1,2,1,1,,,,42.401901245117,-71.119300842285,-1,
R_bqGVsdWs2NBTnpj,Default Response Set,Anonymous,,,,2,2016-06-08 11:26:07,2016-06-08 11:26:07,1,3,2,1,2,,,,42.401901245117,-71.119300842285,-1,
R_4JHt4mLklkkCMZv,Default Response Set,Anonymous,,,,2,2016-06-08 14:45:42,2016-06-08 14:45:42,1,1,1,2,,,,,42.401901245117,-71.119300842285,-1,
R_9NzIhEg9T2SnLtb,Default Response Set,Anonymous,,,,2,2016-06-08 14:45:42,2016-06-08 14:45:42,1,3,1,2,,,,,42.401901245117,-71.119300842285,-1,
R_3t6cn60CTyOhVD7,Default Response Set,Anonymous,,,,2,2016-06-08 14:45:42,2016-06-08 14:45:42,1,2,1,3,2,3,,3,42.401901245117,-71.119300842285,-1,
R_38bTfUjT5ehinHL,Default Response Set,Anonymous,,,,2,2016-06-08 14:45:42,2016-06-08 14:45:42,1,2,2,2,,,,,42.401901245117,-71.119300842285,-1,
R_efzuCpBhJtJND5X,Default Response Set,Anonymous,,,,2,2016-06-08 14:45:42,2016-06-08 14:45:42,1,1,2,2,,,,,42.401901245117,-71.119300842285,-1,
